id,companie,tara,tip,dimensiune,decizie_maker_titlu,email_estimat,email_note,linkedin_url,de_ce_vagotech,prioritate
1,CFR Calatori,Romania,Operator feroviar,Mare,Director Tehnic / Sef Serviciu Achizitii,achizitii@cfrcalatori.ro,Format oficial publicat pe site,https://www.linkedin.com/company/cfr-calatori,"Operator national 800+ vagoane; modernizare masiva PNRR 2024-2026 (7 trenuri PESA EMU); inlocuire geamuri la reparatii capitale; achizitii prin SEAP/e-licitatie.ro",HIGH
2,STB SA - Societatea de Transport Bucuresti,Romania,Operator tramvai,Mare,Director Tehnic / Responsabil Achizitii Tehnice,contact@stb.ro,Format oficial,https://www.linkedin.com/company/stb-sa,"46 tramvaie noi + 100 troleibuze articulate (anuntat mai 2026); buget PMB 2026 peste 1 mld RON transport; geamuri si usi pentru tramvaie noi si modernizate",HIGH
3,Metrorex,Romania,Operator metrou,Mare,Director Tehnic / Director Achizitii,relatii.publice@metrorex.ro,Format oficial,https://www.linkedin.com/company/metrorex,"Tender activ 12 trenuri metro noi (~200 mil USD); linia M6 partial deschisa 2026; cerinta geamuri trenuri noi si modernizare IVA",HIGH
4,Electroputere VFU,Romania,OEM / Mentenanta,Mare,Director Tehnic Productie / Manager Aprovizionare,office@electroputerevfu.ro,Format oficial site,https://www.linkedin.com/company/electroputere-vfu,"Producator si modernizator vagoane/DMU/tramvaie la Pascani; conceptul R&R necesita furnizori geamuri certificate EN 15152/15153; clienti: CFR si operatori privati",HIGH
5,Softronic,Romania,OEM locomotive/EMU,Mediu,Director Aprovizionare / Manager Tehnic,softronic@softronic.ro,Confirmat public pe site oficial,https://www.linkedin.com/company/softronic,"Singurul producator SE Europa trenuri electrice multi-unit; Transmontana bi-sistem RO/BG/HU; necesita geamuri/parbrizuri certificate; export activ",HIGH
6,Astra Vagoane Calatori,Romania,OEM vagoane,Mediu,Director Tehnic / Responsabil Achizitii,office@astravagoane.ro,Format estimat domeniu,https://www.linkedin.com/company/astra-vagoane-calatori,"Producator vagoane calatori si tramvaie la Arad; contracte CFR si export; geamuri laterale si panouri interioare",MEDIUM
7,Transferoviar Grup (Regiotrans),Romania,Operator feroviar privat,Mediu,Director Operational / Fleet Manager,office@transferoviar.ro,Format estimat domeniu,https://www.linkedin.com/company/transferoviar-grup,"Operator privat cu flota proprie (locomotive Softronic LEMA); mentenanta proprie; achizitii componente pentru reparatii",MEDIUM
8,Grup Feroviar Roman (GFR / GRAMPET),Romania,Operator cargo / Mentenanta,Mare,Director Tehnic / Procurement Manager,office@gfr.ro,Format estimat domeniu,https://www.linkedin.com/company/grup-feroviar-roman,"Cel mai mare operator privat feroviar RO; flota 200+ locomotive; atelier mentenanta propriu GFR Services; geamuri cab locomotive si vagoane",MEDIUM
9,Calea Ferata din Moldova (CFM),Moldova,Operator feroviar national,Mare,Director Tehnic / Sef Serviciu Aprovizionare,cfm@cfm.md,Format estimat,https://www.linkedin.com/company/calea-ferata-moldova,"Plan achizitie 4000+ vagoane 2024-2026 (EUR 350-400 mil); 25-30 locomotive manevra; restructurare/privatizare 2026; geamuri parc renovat",HIGH
10,Moldtranselectro,Moldova,Mentenanta / servicii feroviare,Mic,Director Tehnic,contact@mte.md,Format estimat,N/A,"Mentenanta si reparatii material rulant in Moldova; proximitate geografica VAGOTECH (Timisoara)",LOW
11,Port Giurgiulesti GIFP,Moldova,Operator port / logistica feroviara,Mic,Manager Operational,office@gifp.md,Format estimat,https://www.linkedin.com/company/gifp,"Terminal multimodal cu linii feroviare proprii; vagoane specializate necesita mentenanta geamuri cab",LOW
12,Operatori privati marfa Moldova,Moldova,Operator cargo,Mic,Director Flota,N/A,N/A,N/A,"Segment emergent post-privatizare CFM; de urmarit 2026-2027",LOW
13,MAV-START Zrt.,Ungaria,Operator feroviar national,Mare,Muszaki Igazgato / Kozbeszerzesi Osztaly,info@mav-start.hu,Format oficial,https://www.linkedin.com/company/mav-start,"Guvern HU a aprobat feb 2026 achizitia 92 seturi EMU + 88 vagoane; tender activ 50 seturi EMU long-distance; cerinta masiva geamuri/parbrizuri",HIGH
14,BKK - Budapesti Kozlekedesi Kozpont,Ungaria,Operator transport urban,Mare,Muszaki Igazgato / Beszerzes Vezeto,info@bkk.hu,Format oficial,https://www.linkedin.com/company/bkk-zrt,"Autoritate transport Budapesta; coordoneaza achizitiile pentru BKV; flota tramvaie CAF Urbos si Alstom Citadis; geamuri modernizare si intretinere",HIGH
15,BKV Zrt.,Ungaria,Operator tramvai/metro,Mare,Beszerzes Manager / Muszaki Igazgato,bkv@bkv.hu,Format oficial,https://www.linkedin.com/company/bkv-zrt,"Opereaza metro M1-M4 si tramvaie Budapesta; metro M3 modernizat Alstom recent; flota tramvaie Tatra + CAF; mentenanta geamuri continua",HIGH
16,GySEV (Gyor-Sopron-Ebenfurti Vasut),Ungaria,Operator feroviar regional,Mediu,Muszaki Osztaly Vezeto,office@gysev.hu,Format oficial,https://www.linkedin.com/company/gysev,"Operator austro-ungar; flota EMU Stadler si vagoane; MAV preia personal si material rulant GySEV 2026; geamuri parc activ",MEDIUM
17,Dunakeszi Jarmukarbantarto Kft.,Ungaria,Mentenanta material rulant,Mare,Muszaki Igazgato / Beszerzes,office@dunjav.hu,Format estimat,https://www.linkedin.com/company/dunakeszi-jarmu,"Preluat de MAV ian 2026 dupa faliment; cel mai mare atelier mentenanta HU; achizitii masive componente inclusiv geamuri",HIGH
18,Magyar Vagon Zrt.,Ungaria,OEM vagoane,Mediu,Muszaki Igazgato / Procurement,info@magyarvagon.hu,Format estimat,https://www.linkedin.com/company/magyar-vagon,"Contract 1350 vagoane pentru Caile Ferate Egiptene; necesita geamuri certificate productie vagoane [ATENTIE: Ganz-Mavag Int fosta subsidiara in lichidare oct 2025]",MEDIUM
19,SZKT - Szegedi Kozlekedes,Ungaria,Operator tramvai regional,Mic,Director Tehnic,kozlekedes@szkt.hu,Format estimat,N/A,"Operator tramvai Szeged; flota Tatra + CAF Urbos; mentenanta geamuri tramvaie",LOW
20,DAKK - Delalfoldi Kozlekedes,Ungaria,Operator regional,Mic,Director Tehnic,info@dakk.hu,Format estimat,N/A,"Operator autobuz/tren regional sudul Ungariei; mentenanta flota",LOW
21,Stadler Rail Berlin GmbH,Germania,OEM material rulant,Mare,Head of Procurement / Supply Chain Manager,info@stadlerrail.com,Format oficial grup,https://www.linkedin.com/company/stadler-rail,"Lider piata DE tramvaie 44% market share (1413 vagoane comandate); contracte S-Bahn Berlin (1400 vagoane cu Siemens) + tram Koln; furnizor cheie geamuri productie serie",HIGH
22,Siemens Mobility GmbH,Germania,OEM / Solutii sistem,Mare,Head of Supply Chain Railcar / Procurement Manager Glass,mobility@siemens.com,Format oficial,https://www.linkedin.com/company/siemens-mobility,"10% piata DE tramvaie (323 vehicule); contract S-Bahn Berlin; tren automat Copenhaga EUR 3 mld; necesita geamuri certificate serii mari",HIGH
23,Alstom Transport Deutschland GmbH,Germania,OEM / Solutii sistem,Mare,Procurement Director / Head of Supply Glass,alstom.de@alstomgroup.com,Format estimat grup,https://www.linkedin.com/company/alstom,"24% piata DE (787 vehicule); Coradia/Citadis/Metropolis; contract BDZ Bulgaria EUR 600 mil; geamuri serii mari si export",HIGH
24,DB Fahrzeuginstandhaltung GmbH,Germania,Mentenanta material rulant,Foarte mare,Leiter Einkauf / Technischer Leiter,einkauf@db-fzi.com,Format estimat,https://www.linkedin.com/company/db-fahrzeuginstandhaltung,"Cel mai mare atelier mentenanta feroviara Europa; 15 locatii in Germania; consum masiv geamuri inlocuire (ICE/IC/S-Bahn/regional)",HIGH
25,Alstom Hennigsdorf (fosta Bombardier),Germania,OEM,Mare,Supply Chain Manager,— contact prin Alstom Group —,Contact prin grup,https://www.linkedin.com/company/alstom,"Fabrica Hennigsdorf produce TWINDEXX si Talent; productie activa necesita geamuri de serie",MEDIUM
26,CAF Deutschland GmbH,Germania,OEM,Mediu,Procurement Manager,info@cafmobility.com,Format grup,https://www.linkedin.com/company/caf-construcciones-y-auxiliar-de-ferrocarriles-,"Tramvaie Urbos active in Germania; contract recent Colonia + alte orase; geamuri Urbos - oportunitate serie",MEDIUM
27,Berliner Verkehrsbetriebe (BVG),Germania,Operator transport urban,Mare,Leiter Einkauf / Technischer Direktor,info@bvg.de,Format oficial,https://www.linkedin.com/company/bvg-berliner-verkehrsbetriebe,"480+ tramvaie Bombardier Flexity; metro + tramvai + autobuz Berlin; mentenanta geamuri la scara mare",HIGH
28,Hamburger Hochbahn AG,Germania,Operator metro/autobuz,Mare,Abteilungsleiter Einkauf,info@hochbahn.de,Format oficial,https://www.linkedin.com/company/hamburger-hochbahn,"U-Bahn Hamburg flota Alstom DT5/DT6; mentenanta activa; geamuri reparatii si modernizare",MEDIUM
29,Amtrak,SUA,Operator feroviar national,Foarte mare,VP Procurement / Director Fleet Maintenance,procurement@amtrak.com,Format estimat,https://www.linkedin.com/company/amtrak,"Operator national; flota Acela (Alstom) + Superliner/Viewliner; Airo CAF in livrare; modernizare masiva; consum geamuri/parbrizuri; proximitate NJ Office VAGOTECH",HIGH
30,New Jersey Transit,SUA,Operator transport public,Mare,Chief Procurement Officer / Director Materials,procurement@njtransit.com,Format estimat,https://www.linkedin.com/company/new-jersey-transit,"Cel mai mare operator stat SUA; flota trenuri Multilevel CAF + ALP-45 + light rail; NJ = locatie US office xglass.eu; consum geamuri mentenanta",HIGH
31,MTA - Metropolitan Transportation Authority,SUA,Operator transport public,Foarte mare,Chief Procurement Officer / SVP Materiel,— contact prin mta.info —,Contact prin site oficial,https://www.linkedin.com/company/metropolitan-transportation-authority,"NYCT Subway + LIRR + Metro-North; 8000+ vagoane metro; modernizare R211 Kawasaki; cel mai mare sistem metro SUA",HIGH
32,Wabtec Corporation,SUA,OEM componente / locomotive,Foarte mare,VP Procurement / Supply Chain Director,info@wabtec.com,Format oficial,https://www.linkedin.com/company/wabtec-corporation,"OEM major SUA locomotive Tier 4 + componente feroviare (ex GE Transportation); necesita geamuri certificate FRA locomotive si vagoane; Pittsburgh PA",HIGH
33,Siemens Mobility US,SUA,OEM,Mare,Head of Supply Chain / Procurement Manager,mobility.us@siemens.com,Format estimat,https://www.linkedin.com/company/siemens-mobility,"Fabrica Sacramento (Charger locomotive/ACS-64/Venture wagoane); contracte Amtrak Airo + Brightline West; geamuri de serie productie US",HIGH
34,Alstom US - Hornell NY,SUA,OEM,Mare,Supply Chain Director / Procurement Glass,contact.us@alstomgroup.com,Format estimat grup,https://www.linkedin.com/company/alstom,"Fabrica Hornell produce Acela 2 + M8 MNRR; productie activa cerinte geamuri; acces prin relatia Alstom grup (DE/BG/RO)",HIGH
35,CAF USA Inc.,SUA,OEM,Mediu,Procurement Manager,usa@cafmobility.com,Format estimat,https://www.linkedin.com/company/caf-construcciones-y-auxiliar-de-ferrocarriles-,"Produce vagoane NJ Transit Multilevel + light rail LA + streetcar; plant Elmira Heights NY; furnizor geamuri FRA-compliant",MEDIUM
36,WMATA,SUA,Operator metro,Mare,Chief Procurement Officer,procurement@wmata.com,Format estimat,https://www.linkedin.com/company/wmata,"Metro DC flota 7000-Series Kawasaki; modernizare activa; Custom Glass Solutions confirmat furnizor 7000-Series - oportunitate concurenta/inlocuire",MEDIUM
37,Srbijavoz a.d. (Srbija Voz),Serbia,Operator feroviar pasageri,Mare,Direktor Tehnicke Sluzbe / Rukovodilac Nabavke,info@srbvoz.rs,Format estimat,https://www.linkedin.com/company/srbijavoz,"21 seturi EMU Stadler FLIRT (2013 - aproape de ciclul revizii majore); 42 locomotive; 95 vagoane; >60% locomotive >30 ani; mentenanta geamuri urgenta",HIGH
38,Srbija Kargo a.d.,Serbia,Operator cargo,Mare,Direktor Tehnicke Sluzbe / Procurement Manager,office@srbcargo.rs,Format oficial,https://www.linkedin.com/company/srbija-kargo,"Tender activ EBRD reparatii 1250 vagoane marfa + 8 locomotive diesel noi; EUR 90 mil investitie modernizare; geamuri cab locomotive",HIGH
39,Infrastruktura Zeleznice Srbije,Serbia,Infrastructura feroviara,Mare,Direktor Tehnicke Sluzbe,office@infrastruktura.rs,Format estimat,https://www.linkedin.com/company/infrastruktura-zeleznice-srbije,"Entitate separata restructurare Serbian Railways; vehicule tehnice (masini de cale); target secundar",LOW
40,GSP Beograd,Serbia,Operator tramvai/autobuz,Mare,Direktor Tehnicke Sluzbe / Nabavka,gsp@gsp.rs,Format oficial,https://www.linkedin.com/company/gsp-beograd,"100 tramvaie noi CAF Urbos (2019) + Tatras vechi; mentenanta geamuri flota mixta",HIGH
41,ZAS Serbia / CAF service Belgrad,Serbia,Mentenanta,Mic,Manager Tehnic,N/A,N/A,N/A,"Service point local tramvaie CAF Urbos la Belgrad",LOW
42,JKP Niskogradnja Novi Sad,Serbia,Operator tramvai,Mic,Director Tehnic,niskogradnja@novisad.rs,Format estimat,N/A,"Tramvaie Novi Sad; mentenanta geamuri",LOW
43,CRRC Serbia service center,Serbia,OEM service,Mediu,Service Manager,— contact prin CRRC Changchun —,Contact prin grup,https://www.linkedin.com/company/crrc,"9 trenuri high-speed CRRC pe ruta Belgrad-Budapesta (operationala 2026); geamuri/parbrizuri pentru trenuri high-speed",MEDIUM
44,BDZ EAD - Bulgarski Darzhavni Zheleznitsi,Bulgaria,Operator feroviar national,Mare,Direktor Tehnicheska Slujba / Nachalnik Otdel Dostavki,bdz@bdz.bg,Format oficial,https://www.linkedin.com/company/bdz,"Contract Alstom 35 trenuri Coradia Stream (EUR 600 mil) + Skoda; livrarile 2026-2027; geamuri inlocuire flota veche; 35 vagoane second-hand achizitionate apr 2026",HIGH
45,Metropolitan JSC - Sofia Metro,Bulgaria,Operator metro,Mare,Izpalnitelen Direktor / Otdel Dostavki,office@metropolitan.bg,Format oficial,https://www.linkedin.com/company/metropolitan-jsc,"Contract Siemens+Newag 8 seturi linia 3 (EUR 68 mil) + Skoda 8 seturi (EUR 65 mil); livrarile 2026-2027; geamuri trenuri noi si mentenanta flota curenta",HIGH
46,Sofiyski Elektrotransport EAD,Bulgaria,Operator tramvai/troleibuz,Mare,Tehnicheska Slujba / Dostavki Manager,info@sofiatraffic.bg,Format estimat,https://www.linkedin.com/company/sofiyski-elektrotransport,"Tramvaie Sofia (Skoda + Siemens Combino + Tatra vechi); mentenanta activa; geamuri reparatii curente si modernizare",HIGH
47,Plovdivski Elektrotransport EAD,Bulgaria,Operator tramvai,Mic,Director Tehnic,office@pet-plovdiv.bg,Format estimat,N/A,"Tramvaie Plovdiv (Tatra veche partial modernizata); geamuri inlocuire",MEDIUM
48,BMTS - Burgas Municipal Transport,Bulgaria,Operator transport urban,Mic,Director Tehnic,info@bmts.bg,Format estimat,N/A,"Autobuz + posibil tramvai; target mic dar accesibil",LOW
49,Rail Cargo Bulgaria,Bulgaria,Operator cargo privat,Mediu,Fleet Manager / Procurement,office@railcargo.bg,Format estimat,https://www.linkedin.com/company/rail-cargo-group,"Subsidiara Rail Cargo Group (OBB); locomotive Softronic Transmontana bi-sistem RO-BG; geamuri cab locomotive",MEDIUM
50,DB Cargo Bulgaria / DB Arriva,Bulgaria,Operator cargo/pasageri,Mediu,Procurement Manager,— contact prin DB Group —,Contact prin grup,https://www.linkedin.com/company/db-cargo,"Prezenta activa DB Bulgaria (cargo + posibila concesiune pasageri); flota locomotive + vagoane; geamuri mentenanta",MEDIUM
51,Skoda Bulgaria service center,Bulgaria,OEM service,Mic,Service Director,— contact prin Skoda Transportation —,Contact prin grup,https://www.linkedin.com/company/skoda-transportation,"Service center Skoda pentru BDZ si Metropolitan; piese schimb inclusiv geamuri",LOW
